{"cameraMode":{"drawMode":0,"name":"Shaded","section":"Shading Mode"},"sceneLighting":true,"audioPlay":false,"sceneViewState":{"showFog":false,"showMaterialUpdate":false,"showSkybox":false,"showFlares":false,"showImageEffects":false,"showParticleSystems":false},"in2DMode":false,"pivot":{"x":21.13770866394043,"y":-32.01118850708008,"z":80.0818862915039},"rotation":{"x":0.20711088180541993,"y":0.12271526455879212,"z":-0.026195045560598375,"w":0.9702370762825012},"size":126.61529541015625,"orthographic":false}